spot_strike_ratio,ttm,risk_free_rate,volatility,avg_type,monte_carlo_price,net_price
0.6000,0.7000,0.0800,0.3912,ARITHMETIC,0.0004,0.0022
0.6000,0.7000,0.0800,0.0769,ARITHMETIC,0.0000,0.0017
0.6000,0.7000,0.0800,0.1602,ARITHMETIC,0.0000,0.0018
0.6000,0.7000,0.0800,0.1422,ARITHMETIC,0.0000,0.0018
0.6000,0.7000,0.0800,0.1380,ARITHMETIC,0.0000,0.0018
0.6000,0.7000,0.0800,0.4560,ARITHMETIC,0.0013,0.0024
0.6000,0.7000,0.0800,0.5117,ARITHMETIC,0.0026,0.0027
0.6000,0.7000,0.0800,0.1883,ARITHMETIC,0.0000,0.0018
0.6000,0.7000,0.0800,0.4599,ARITHMETIC,0.0013,0.0025
0.6000,0.7000,0.0800,0.4949,ARITHMETIC,0.0016,0.0026
0.6000,0.7000,0.0800,0.3065,ARITHMETIC,0.0001,0.0020
0.6000,0.7000,0.0800,0.1725,ARITHMETIC,0.0000,0.0018
0.6000,0.7000,0.0800,0.4621,ARITHMETIC,0.0014,0.0025
0.6000,0.7000,0.0800,0.1569,ARITHMETIC,0.0000,0.0018
0.6000,0.7000,0.0800,0.4207,ARITHMETIC,0.0008,0.0023
0.6000,0.7000,0.0800,0.3650,ARITHMETIC,0.0002,0.0021
0.6000,0.7000,0.0800,0.5137,ARITHMETIC,0.0024,0.0027
0.6000,0.7000,0.0800,0.1660,ARITHMETIC,0.0000,0.0018
0.6000,0.7000,0.0800,0.4496,ARITHMETIC,0.0012,0.0024
0.6000,0.7000,0.0800,0.3091,ARITHMETIC,0.0000,0.0020
0.6000,0.7000,0.0800,0.1658,ARITHMETIC,0.0000,0.0018
0.6000,0.7000,0.0800,0.1330,ARITHMETIC,0.0000,0.0018
0.6000,0.7000,0.0800,0.2989,ARITHMETIC,0.0000,0.0020
0.6000,0.7000,0.0800,0.3414,ARITHMETIC,0.0001,0.0021
0.6000,0.7000,0.0800,0.1422,ARITHMETIC,0.0000,0.0018
0.6000,0.7000,0.0800,0.0574,ARITHMETIC,0.0000,0.0017
0.6000,0.7000,0.0800,0.2856,ARITHMETIC,0.0000,0.0019
0.6000,0.7000,0.0800,0.4141,ARITHMETIC,0.0006,0.0023
0.6000,0.7000,0.0800,0.5093,ARITHMETIC,0.0022,0.0027
0.6000,0.7000,0.0800,0.3628,ARITHMETIC,0.0002,0.0021
0.6000,0.7000,0.0800,0.5086,ARITHMETIC,0.0026,0.0027
0.6000,0.7000,0.0800,0.4823,ARITHMETIC,0.0015,0.0026
0.6000,0.7000,0.0800,0.1591,ARITHMETIC,0.0000,0.0018
0.6000,0.7000,0.0800,0.4831,ARITHMETIC,0.0021,0.0026
0.6000,0.7000,0.0800,0.4154,ARITHMETIC,0.0006,0.0023
0.6000,0.7000,0.0800,0.1889,ARITHMETIC,0.0000,0.0018
0.6000,0.7000,0.0800,0.4485,ARITHMETIC,0.0008,0.0024
0.6000,0.7000,0.0800,0.4826,ARITHMETIC,0.0016,0.0026
0.6000,0.7000,0.0800,0.1997,ARITHMETIC,0.0000,0.0018
0.6000,0.7000,0.0800,0.3135,ARITHMETIC,0.0000,0.0020
0.6000,0.7000,0.0800,0.0857,ARITHMETIC,0.0000,0.0017
0.6000,0.7000,0.0800,0.3416,ARITHMETIC,0.0001,0.0021
0.6000,0.7000,0.0800,0.1690,ARITHMETIC,0.0000,0.0018
0.6000,0.7000,0.0800,0.4325,ARITHMETIC,0.0008,0.0024
0.6000,0.7000,0.0800,0.1368,ARITHMETIC,0.0000,0.0018
0.6000,0.7000,0.0800,0.2064,ARITHMETIC,0.0000,0.0018
0.6000,0.7000,0.0800,0.0572,ARITHMETIC,0.0000,0.0017
0.6000,0.7000,0.0800,0.0663,ARITHMETIC,0.0000,0.0017
0.6000,0.7000,0.0800,0.2984,ARITHMETIC,0.0000,0.0020
0.6000,0.7000,0.0800,0.2842,ARITHMETIC,0.0000,0.0019
0.6000,0.7000,0.0800,0.1138,ARITHMETIC,0.0000,0.0017
0.6000,0.7000,0.0800,0.1788,ARITHMETIC,0.0000,0.0018
0.6000,0.7000,0.0800,0.0516,ARITHMETIC,0.0000,0.0017
0.6000,0.7000,0.0800,0.2405,ARITHMETIC,0.0000,0.0019
0.6000,0.7000,0.0800,0.3379,ARITHMETIC,0.0001,0.0021
0.6000,0.7000,0.0800,0.2636,ARITHMETIC,0.0000,0.0019
0.6000,0.7000,0.0800,0.4676,ARITHMETIC,0.0016,0.0025
0.6000,0.7000,0.0800,0.3582,ARITHMETIC,0.0001,0.0021
0.6000,0.7000,0.0800,0.1830,ARITHMETIC,0.0000,0.0018
0.6000,0.7000,0.0800,0.4555,ARITHMETIC,0.0011,0.0024
0.6000,0.7000,0.0800,0.2997,ARITHMETIC,0.0000,0.0020
0.6000,0.7000,0.0800,0.4294,ARITHMETIC,0.0008,0.0023
0.6000,0.7000,0.0800,0.3330,ARITHMETIC,0.0001,0.0020
0.6000,0.7000,0.0800,0.2687,ARITHMETIC,0.0000,0.0019
0.6000,0.7000,0.0800,0.2481,ARITHMETIC,0.0000,0.0019
0.6000,0.7000,0.0800,0.0611,ARITHMETIC,0.0000,0.0017
0.6000,0.7000,0.0800,0.2847,ARITHMETIC,0.0000,0.0019
0.6000,0.7000,0.0800,0.3618,ARITHMETIC,0.0002,0.0021
0.6000,0.7000,0.0800,0.5231,ARITHMETIC,0.0026,0.0028
0.6000,0.7000,0.0800,0.2677,ARITHMETIC,0.0000,0.0019
0.6000,0.7000,0.0800,0.2928,ARITHMETIC,0.0000,0.0020
0.6000,0.7000,0.0800,0.3096,ARITHMETIC,0.0000,0.0020
0.6000,0.7000,0.0800,0.2543,ARITHMETIC,0.0000,0.0019
0.6000,0.7000,0.0800,0.3394,ARITHMETIC,0.0001,0.0021
0.6000,0.7000,0.0800,0.0852,ARITHMETIC,0.0000,0.0017
0.6000,0.7000,0.0800,0.2942,ARITHMETIC,0.0000,0.0020
0.6000,0.7000,0.0800,0.3551,ARITHMETIC,0.0001,0.0021
0.6000,0.7000,0.0800,0.4219,ARITHMETIC,0.0007,0.0023
0.6000,0.7000,0.0800,0.2649,ARITHMETIC,0.0000,0.0019
0.6000,0.7000,0.0800,0.2014,ARITHMETIC,0.0000,0.0018
0.6000,0.7000,0.0800,0.0529,ARITHMETIC,0.0000,0.0017
0.6000,0.7000,0.0800,0.4282,ARITHMETIC,0.0009,0.0023
0.6000,0.7000,0.0800,0.0888,ARITHMETIC,0.0000,0.0017
0.6000,0.7000,0.0800,0.2950,ARITHMETIC,0.0000,0.0020
0.6000,0.7000,0.0800,0.2022,ARITHMETIC,0.0000,0.0018
0.6000,0.7000,0.0800,0.4704,ARITHMETIC,0.0014,0.0025
0.6000,0.7000,0.0800,0.5252,ARITHMETIC,0.0027,0.0028
0.6000,0.7000,0.0800,0.2094,ARITHMETIC,0.0000,0.0018
0.6000,0.7000,0.0800,0.4989,ARITHMETIC,0.0020,0.0027
0.6000,0.7000,0.0800,0.2188,ARITHMETIC,0.0000,0.0018
0.6000,0.7000,0.0800,0.4561,ARITHMETIC,0.0014,0.0024
0.6000,0.7000,0.0800,0.4494,ARITHMETIC,0.0011,0.0024
0.6000,0.7000,0.0800,0.3776,ARITHMETIC,0.0003,0.0022
0.6000,0.7000,0.0800,0.1644,ARITHMETIC,0.0000,0.0018
0.6000,0.7000,0.0800,0.1188,ARITHMETIC,0.0000,0.0017
0.6000,0.7000,0.0800,0.2622,ARITHMETIC,0.0000,0.0019
0.6000,0.7000,0.0800,0.1258,ARITHMETIC,0.0000,0.0017
0.6000,0.7000,0.0800,0.4866,ARITHMETIC,0.0022,0.0026
0.6000,0.7000,0.0800,0.1396,ARITHMETIC,0.0000,0.0018
0.6000,0.7000,0.0800,0.0651,ARITHMETIC,0.0000,0.0017
0.6000,0.7000,0.0800,0.3296,ARITHMETIC,0.0001,0.0020
0.6000,0.7000,0.0800,0.2644,ARITHMETIC,0.0000,0.0019
0.6000,0.7000,0.0800,0.4793,ARITHMETIC,0.0017,0.0026
0.6000,0.7000,0.0800,0.1304,ARITHMETIC,0.0000,0.0017
0.6000,0.7000,0.0800,0.2302,ARITHMETIC,0.0000,0.0019
0.6000,0.7000,0.0800,0.3703,ARITHMETIC,0.0002,0.0021
0.6000,0.7000,0.0800,0.5155,ARITHMETIC,0.0029,0.0027
0.6000,0.7000,0.0800,0.1809,ARITHMETIC,0.0000,0.0018
0.6000,0.7000,0.0800,0.3940,ARITHMETIC,0.0004,0.0022
0.6000,0.7000,0.0800,0.1245,ARITHMETIC,0.0000,0.0017
0.6000,0.7000,0.0800,0.4201,ARITHMETIC,0.0005,0.0023
0.6000,0.7000,0.0800,0.1966,ARITHMETIC,0.0000,0.0018
0.6000,0.7000,0.0800,0.1719,ARITHMETIC,0.0000,0.0018
0.6000,0.7000,0.0800,0.1649,ARITHMETIC,0.0000,0.0018
0.6000,0.7000,0.0800,0.2353,ARITHMETIC,0.0000,0.0019
0.6000,0.7000,0.0800,0.2143,ARITHMETIC,0.0000,0.0018
0.6000,0.7000,0.0800,0.3563,ARITHMETIC,0.0001,0.0021
0.6000,0.7000,0.0800,0.3224,ARITHMETIC,0.0001,0.0020
0.6000,0.7000,0.0800,0.4248,ARITHMETIC,0.0008,0.0023
0.6000,0.7000,0.0800,0.1975,ARITHMETIC,0.0000,0.0018
0.6000,0.7000,0.0800,0.5303,ARITHMETIC,0.0027,0.0028
0.6000,0.7000,0.0800,0.3217,ARITHMETIC,0.0001,0.0020
0.6000,0.7000,0.0800,0.3897,ARITHMETIC,0.0006,0.0022
0.6000,0.7000,0.0800,0.3941,ARITHMETIC,0.0003,0.0022
0.6000,0.7000,0.0800,0.1261,ARITHMETIC,0.0000,0.0017
0.6000,0.7000,0.0800,0.1225,ARITHMETIC,0.0000,0.0017
0.6000,0.7000,0.0800,0.2810,ARITHMETIC,0.0000,0.0019
0.6000,0.7000,0.0800,0.3110,ARITHMETIC,0.0000,0.0020
0.6000,0.7000,0.0800,0.1860,ARITHMETIC,0.0000,0.0018
0.6000,0.7000,0.0800,0.1401,ARITHMETIC,0.0000,0.0018
0.6000,0.7000,0.0800,0.3020,ARITHMETIC,0.0000,0.0020
0.6000,0.7000,0.0800,0.3798,ARITHMETIC,0.0003,0.0022
0.6000,0.7000,0.0800,0.1644,ARITHMETIC,0.0000,0.0018
0.6000,0.7000,0.0800,0.1592,ARITHMETIC,0.0000,0.0018
0.6000,0.7000,0.0800,0.5274,ARITHMETIC,0.0027,0.0028
0.6000,0.7000,0.0800,0.4124,ARITHMETIC,0.0007,0.0023
0.6000,0.7000,0.0800,0.0672,ARITHMETIC,0.0000,0.0017
0.6000,0.7000,0.0800,0.5408,ARITHMETIC,0.0031,0.0029
0.6000,0.7000,0.0800,0.0542,ARITHMETIC,0.0000,0.0017
0.6000,0.7000,0.0800,0.1825,ARITHMETIC,0.0000,0.0018
0.6000,0.7000,0.0800,0.5087,ARITHMETIC,0.0020,0.0027
0.6000,0.7000,0.0800,0.0902,ARITHMETIC,0.0000,0.0017
0.6000,0.7000,0.0800,0.4774,ARITHMETIC,0.0015,0.0025
0.6000,0.7000,0.0800,0.1223,ARITHMETIC,0.0000,0.0017
0.6000,0.7000,0.0800,0.1396,ARITHMETIC,0.0000,0.0018
0.6000,0.7000,0.0800,0.4423,ARITHMETIC,0.0009,0.0024
0.6000,0.7000,0.0800,0.4977,ARITHMETIC,0.0023,0.0026
0.6000,0.7000,0.0800,0.2804,ARITHMETIC,0.0000,0.0019
0.6000,0.7000,0.0800,0.0692,ARITHMETIC,0.0000,0.0017
0.6000,0.7000,0.0800,0.2077,ARITHMETIC,0.0000,0.0018
0.6000,0.7000,0.0800,0.0576,ARITHMETIC,0.0000,0.0017
0.6000,0.7000,0.0800,0.2246,ARITHMETIC,0.0000,0.0019
0.6000,0.7000,0.0800,0.3797,ARITHMETIC,0.0004,0.0022
0.6000,0.7000,0.0800,0.1826,ARITHMETIC,0.0000,0.0018
0.6000,0.7000,0.0800,0.3760,ARITHMETIC,0.0002,0.0022
0.6000,0.7000,0.0800,0.5137,ARITHMETIC,0.0028,0.0027
0.6000,0.7000,0.0800,0.2831,ARITHMETIC,0.0000,0.0019
0.6000,0.7000,0.0800,0.1536,ARITHMETIC,0.0000,0.0018
0.6000,0.7000,0.0800,0.5114,ARITHMETIC,0.0025,0.0027
0.6000,0.7000,0.0800,0.5229,ARITHMETIC,0.0027,0.0028
0.6000,0.7000,0.0800,0.1175,ARITHMETIC,0.0000,0.0017
0.6000,0.7000,0.0800,0.4998,ARITHMETIC,0.0021,0.0027
0.6000,0.7000,0.0800,0.1961,ARITHMETIC,0.0000,0.0018
0.6000,0.7000,0.0800,0.1141,ARITHMETIC,0.0000,0.0017
0.6000,0.7000,0.0800,0.1090,ARITHMETIC,0.0000,0.0017
0.6000,0.7000,0.0800,0.4297,ARITHMETIC,0.0007,0.0023
0.6000,0.7000,0.0800,0.0942,ARITHMETIC,0.0000,0.0017
0.6000,0.7000,0.0800,0.4316,ARITHMETIC,0.0009,0.0023
0.6000,0.7000,0.0800,0.1698,ARITHMETIC,0.0000,0.0018
0.6000,0.7000,0.0800,0.2594,ARITHMETIC,0.0000,0.0019
0.6000,0.7000,0.0800,0.1215,ARITHMETIC,0.0000,0.0017
0.6000,0.7000,0.0800,0.3763,ARITHMETIC,0.0003,0.0022
0.6000,0.7000,0.0800,0.2789,ARITHMETIC,0.0000,0.0019
0.6000,0.7000,0.0800,0.2469,ARITHMETIC,0.0000,0.0019
0.6000,0.7000,0.0800,0.4523,ARITHMETIC,0.0008,0.0024
0.6000,0.7000,0.0800,0.2795,ARITHMETIC,0.0000,0.0019
0.6000,0.7000,0.0800,0.3958,ARITHMETIC,0.0004,0.0022
0.6000,0.7000,0.0800,0.4410,ARITHMETIC,0.0009,0.0024
0.6000,0.7000,0.0800,0.3574,ARITHMETIC,0.0002,0.0021
0.6000,0.7000,0.0800,0.5307,ARITHMETIC,0.0029,0.0028
0.6000,0.7000,0.0800,0.3254,ARITHMETIC,0.0001,0.0020
0.6000,0.7000,0.0800,0.1595,ARITHMETIC,0.0000,0.0018
0.6000,0.7000,0.0800,0.3209,ARITHMETIC,0.0000,0.0020
0.6000,0.7000,0.0800,0.1723,ARITHMETIC,0.0000,0.0018
0.6000,0.7000,0.0800,0.0917,ARITHMETIC,0.0000,0.0017
0.6000,0.7000,0.0800,0.4282,ARITHMETIC,0.0007,0.0023
0.6000,0.7000,0.0800,0.1822,ARITHMETIC,0.0000,0.0018
0.6000,0.7000,0.0800,0.2068,ARITHMETIC,0.0000,0.0018
0.6000,0.7000,0.0800,0.5442,ARITHMETIC,0.0035,0.0029
0.6000,0.7000,0.0800,0.2503,ARITHMETIC,0.0000,0.0019
0.6000,0.7000,0.0800,0.2707,ARITHMETIC,0.0000,0.0019
0.6000,0.7000,0.0800,0.5103,ARITHMETIC,0.0022,0.0027
0.6000,0.7000,0.0800,0.4450,ARITHMETIC,0.0010,0.0024
0.6000,0.7000,0.0800,0.4797,ARITHMETIC,0.0016,0.0026
0.6000,0.7000,0.0800,0.2842,ARITHMETIC,0.0000,0.0019
0.6000,0.7000,0.0800,0.1563,ARITHMETIC,0.0000,0.0018
0.6000,0.7000,0.0800,0.0828,ARITHMETIC,0.0000,0.0017
0.6000,0.7000,0.0800,0.0899,ARITHMETIC,0.0000,0.0017
0.6000,0.7000,0.0800,0.1185,ARITHMETIC,0.0000,0.0017
0.6000,0.7000,0.0800,0.1847,ARITHMETIC,0.0000,0.0018
0.6000,0.7000,0.0800,0.4387,ARITHMETIC,0.0011,0.0024
0.6000,0.7000,0.0800,0.1648,ARITHMETIC,0.0000,0.0018
0.6000,0.7000,0.0800,0.2609,ARITHMETIC,0.0000,0.0019
0.6000,0.7000,0.0800,0.2791,ARITHMETIC,0.0000,0.0019
0.6000,0.7000,0.0800,0.2048,ARITHMETIC,0.0000,0.0018
0.6000,0.7000,0.0800,0.1385,ARITHMETIC,0.0000,0.0018
0.6000,0.7000,0.0800,0.1840,ARITHMETIC,0.0000,0.0018
0.6000,0.7000,0.0800,0.4762,ARITHMETIC,0.0014,0.0025
0.6000,0.7000,0.0800,0.5470,ARITHMETIC,0.0028,0.0029
0.6000,0.7000,0.0800,0.2353,ARITHMETIC,0.0000,0.0019
0.6000,0.7000,0.0800,0.2809,ARITHMETIC,0.0000,0.0019
0.6000,0.7000,0.0800,0.2175,ARITHMETIC,0.0000,0.0018
0.6000,0.7000,0.0800,0.2327,ARITHMETIC,0.0000,0.0019
0.6000,0.7000,0.0800,0.3936,ARITHMETIC,0.0004,0.0022
0.6000,0.7000,0.0800,0.4177,ARITHMETIC,0.0007,0.0023
0.6000,0.7000,0.0800,0.2085,ARITHMETIC,0.0000,0.0018
0.6000,0.7000,0.0800,0.1225,ARITHMETIC,0.0000,0.0017
0.6000,0.7000,0.0800,0.4038,ARITHMETIC,0.0005,0.0022
0.6000,0.7000,0.0800,0.2697,ARITHMETIC,0.0000,0.0019
0.6000,0.7000,0.0800,0.5081,ARITHMETIC,0.0020,0.0027
0.6000,0.7000,0.0800,0.2547,ARITHMETIC,0.0000,0.0019
0.6000,0.7000,0.0800,0.0639,ARITHMETIC,0.0000,0.0017
0.6000,0.7000,0.0800,0.4131,ARITHMETIC,0.0005,0.0023
0.6000,0.7000,0.0800,0.5429,ARITHMETIC,0.0033,0.0029
0.6000,0.7000,0.0800,0.2832,ARITHMETIC,0.0000,0.0019
0.6000,0.7000,0.0800,0.5263,ARITHMETIC,0.0027,0.0028
0.6000,0.7000,0.0800,0.1313,ARITHMETIC,0.0000,0.0017
0.6000,0.7000,0.0800,0.1564,ARITHMETIC,0.0000,0.0018
0.6000,0.7000,0.0800,0.2208,ARITHMETIC,0.0000,0.0018
0.6000,0.7000,0.0800,0.2530,ARITHMETIC,0.0000,0.0019
0.6000,0.7000,0.0800,0.4997,ARITHMETIC,0.0016,0.0027
0.6000,0.7000,0.0800,0.5363,ARITHMETIC,0.0036,0.0029
0.6000,0.7000,0.0800,0.3051,ARITHMETIC,0.0000,0.0020
0.6000,0.7000,0.0800,0.3984,ARITHMETIC,0.0005,0.0022
0.6000,0.7000,0.0800,0.3638,ARITHMETIC,0.0003,0.0021
0.6000,0.7000,0.0800,0.4803,ARITHMETIC,0.0017,0.0026
0.6000,0.7000,0.0800,0.1039,ARITHMETIC,0.0000,0.0017
0.6000,0.7000,0.0800,0.3308,ARITHMETIC,0.0001,0.0020
0.6000,0.7000,0.0800,0.4542,ARITHMETIC,0.0012,0.0024
0.6000,0.7000,0.0800,0.4371,ARITHMETIC,0.0007,0.0024
0.6000,0.7000,0.0800,0.4337,ARITHMETIC,0.0007,0.0024
0.6000,0.7000,0.0800,0.5406,ARITHMETIC,0.0032,0.0029
0.6000,0.7000,0.0800,0.0642,ARITHMETIC,0.0000,0.0017
0.6000,0.7000,0.0800,0.1030,ARITHMETIC,0.0000,0.0017
0.6000,0.7000,0.0800,0.1267,ARITHMETIC,0.0000,0.0017
0.6000,0.7000,0.0800,0.3404,ARITHMETIC,0.0001,0.0021
0.6000,0.7000,0.0800,0.2654,ARITHMETIC,0.0000,0.0019
0.6000,0.7000,0.0800,0.0821,ARITHMETIC,0.0000,0.0017
0.6000,0.7000,0.0800,0.1896,ARITHMETIC,0.0000,0.0018
0.6000,0.7000,0.0800,0.2454,ARITHMETIC,0.0000,0.0019
0.6000,0.7000,0.0800,0.3029,ARITHMETIC,0.0000,0.0020
0.6000,0.7000,0.0800,0.4279,ARITHMETIC,0.0007,0.0023
0.6000,0.7000,0.0800,0.2945,ARITHMETIC,0.0000,0.0020
0.6000,0.7000,0.0800,0.4629,ARITHMETIC,0.0012,0.0025
0.6000,0.7000,0.0800,0.3202,ARITHMETIC,0.0001,0.0020
0.6000,0.7000,0.0800,0.2286,ARITHMETIC,0.0000,0.0019
0.6000,0.7000,0.0800,0.4530,ARITHMETIC,0.0012,0.0024
0.6000,0.7000,0.0800,0.1432,ARITHMETIC,0.0000,0.0018
0.6000,0.7000,0.0800,0.4946,ARITHMETIC,0.0018,0.0026
0.6000,0.7000,0.0800,0.3867,ARITHMETIC,0.0004,0.0022
0.6000,0.7000,0.0800,0.5267,ARITHMETIC,0.0024,0.0028
0.6000,0.7000,0.0800,0.1549,ARITHMETIC,0.0000,0.0018
0.6000,0.7000,0.0800,0.1664,ARITHMETIC,0.0000,0.0018
0.6000,0.7000,0.0800,0.2783,ARITHMETIC,0.0000,0.0019
0.6000,0.7000,0.0800,0.1244,ARITHMETIC,0.0000,0.0017
0.6000,0.7000,0.0800,0.0699,ARITHMETIC,0.0000,0.0017
0.6000,0.7000,0.0800,0.2260,ARITHMETIC,0.0000,0.0019
0.6000,0.7000,0.0800,0.4255,ARITHMETIC,0.0007,0.0023
0.6000,0.7000,0.0800,0.4945,ARITHMETIC,0.0016,0.0026
0.6000,0.7000,0.0800,0.1667,ARITHMETIC,0.0000,0.0018
0.6000,0.7000,0.0800,0.5222,ARITHMETIC,0.0024,0.0028
0.6000,0.7000,0.0800,0.0896,ARITHMETIC,0.0000,0.0017
0.6000,0.7000,0.0800,0.0891,ARITHMETIC,0.0000,0.0017
0.6000,0.7000,0.0800,0.4027,ARITHMETIC,0.0004,0.0022
0.6000,0.7000,0.0800,0.0839,ARITHMETIC,0.0000,0.0017
0.6000,0.7000,0.0800,0.5353,ARITHMETIC,0.0030,0.0029
0.6000,0.7000,0.0800,0.1871,ARITHMETIC,0.0000,0.0018
0.6000,0.7000,0.0800,0.1144,ARITHMETIC,0.0000,0.0017
0.6000,0.7000,0.0800,0.4342,ARITHMETIC,0.0010,0.0024
0.6000,0.7000,0.0800,0.2612,ARITHMETIC,0.0000,0.0019
0.6000,0.7000,0.0800,0.5000,ARITHMETIC,0.0018,0.0027
0.6000,0.7000,0.0800,0.2962,ARITHMETIC,0.0000,0.0020
0.6000,0.7000,0.0800,0.0540,ARITHMETIC,0.0000,0.0017
0.6000,0.7000,0.0800,0.1317,ARITHMETIC,0.0000,0.0018
0.6000,0.7000,0.0800,0.0997,ARITHMETIC,0.0000,0.0017
0.6000,0.7000,0.0800,0.1407,ARITHMETIC,0.0000,0.0018
0.6000,0.7000,0.0800,0.1853,ARITHMETIC,0.0000,0.0018
0.6000,0.7000,0.0800,0.0877,ARITHMETIC,0.0000,0.0017
0.6000,0.7000,0.0800,0.4895,ARITHMETIC,0.0019,0.0026
0.6000,0.7000,0.0800,0.3866,ARITHMETIC,0.0003,0.0022
0.6000,0.7000,0.0800,0.2720,ARITHMETIC,0.0000,0.0019
0.6000,0.7000,0.0800,0.4994,ARITHMETIC,0.0021,0.0027
0.6000,0.7000,0.0800,0.3558,ARITHMETIC,0.0002,0.0021
0.6000,0.7000,0.0800,0.3909,ARITHMETIC,0.0004,0.0022
0.6000,0.7000,0.0800,0.4063,ARITHMETIC,0.0004,0.0023
0.6000,0.7000,0.0800,0.2697,ARITHMETIC,0.0000,0.0019
0.6000,0.7000,0.0800,0.1966,ARITHMETIC,0.0000,0.0018
0.6000,0.7000,0.0800,0.4934,ARITHMETIC,0.0021,0.0026
0.6000,0.7000,0.0800,0.2345,ARITHMETIC,0.0000,0.0019
0.6000,0.7000,0.0800,0.2684,ARITHMETIC,0.0000,0.0019
0.6000,0.7000,0.0800,0.1881,ARITHMETIC,0.0000,0.0018
0.6000,0.7000,0.0800,0.3268,ARITHMETIC,0.0000,0.0020
0.6000,0.7000,0.0800,0.3191,ARITHMETIC,0.0000,0.0020
0.6000,0.7000,0.0800,0.2659,ARITHMETIC,0.0000,0.0019
0.6000,0.7000,0.0800,0.2266,ARITHMETIC,0.0000,0.0019
0.6000,0.7000,0.0800,0.3209,ARITHMETIC,0.0000,0.0020
0.6000,0.7000,0.0800,0.2410,ARITHMETIC,0.0000,0.0019
0.6000,0.7000,0.0800,0.4395,ARITHMETIC,0.0009,0.0024
0.6000,0.7000,0.0800,0.1267,ARITHMETIC,0.0000,0.0017
0.6000,0.7000,0.0800,0.4102,ARITHMETIC,0.0006,0.0023
0.6000,0.7000,0.0800,0.1543,ARITHMETIC,0.0000,0.0018
0.6000,0.7000,0.0800,0.5160,ARITHMETIC,0.0029,0.0028
0.6000,0.7000,0.0800,0.2425,ARITHMETIC,0.0000,0.0019
0.6000,0.7000,0.0800,0.2119,ARITHMETIC,0.0000,0.0018
0.6000,0.7000,0.0800,0.5005,ARITHMETIC,0.0024,0.0027
0.6000,0.7000,0.0800,0.0737,ARITHMETIC,0.0000,0.0017
0.6000,0.7000,0.0800,0.5388,ARITHMETIC,0.0032,0.0029
0.6000,0.7000,0.0800,0.5143,ARITHMETIC,0.0024,0.0027
0.6000,0.7000,0.0800,0.3823,ARITHMETIC,0.0002,0.0022
0.6000,0.7000,0.0800,0.3348,ARITHMETIC,0.0002,0.0021
0.6000,0.7000,0.0800,0.3122,ARITHMETIC,0.0000,0.0020
0.6000,0.7000,0.0800,0.0917,ARITHMETIC,0.0000,0.0017
0.6000,0.7000,0.0800,0.0954,ARITHMETIC,0.0000,0.0017
0.6000,0.7000,0.0800,0.3953,ARITHMETIC,0.0003,0.0022
0.6000,0.7000,0.0800,0.5290,ARITHMETIC,0.0027,0.0028
0.6000,0.7000,0.0800,0.3051,ARITHMETIC,0.0000,0.0020
0.6000,0.7000,0.0800,0.0505,ARITHMETIC,0.0000,0.0017
0.6000,0.7000,0.0800,0.4644,ARITHMETIC,0.0010,0.0025
0.6000,0.7000,0.0800,0.4653,ARITHMETIC,0.0014,0.0025
0.6000,0.7000,0.0800,0.2183,ARITHMETIC,0.0000,0.0018
0.6000,0.7000,0.0800,0.3899,ARITHMETIC,0.0005,0.0022
0.6000,0.7000,0.0800,0.1208,ARITHMETIC,0.0000,0.0017
0.6000,0.7000,0.0800,0.1316,ARITHMETIC,0.0000,0.0018
0.6000,0.7000,0.0800,0.4057,ARITHMETIC,0.0005,0.0023
0.6000,0.7000,0.0800,0.3050,ARITHMETIC,0.0000,0.0020
0.6000,0.7000,0.0800,0.3445,ARITHMETIC,0.0001,0.0021
0.6000,0.7000,0.0800,0.3119,ARITHMETIC,0.0000,0.0020
0.6000,0.7000,0.0800,0.5202,ARITHMETIC,0.0032,0.0028
0.6000,0.7000,0.0800,0.4443,ARITHMETIC,0.0010,0.0024
0.6000,0.7000,0.0800,0.4996,ARITHMETIC,0.0018,0.0027
0.6000,0.7000,0.0800,0.1958,ARITHMETIC,0.0000,0.0018
0.6000,0.7000,0.0800,0.5398,ARITHMETIC,0.0036,0.0029
0.6000,0.7000,0.0800,0.4594,ARITHMETIC,0.0012,0.0025
0.6000,0.7000,0.0800,0.0998,ARITHMETIC,0.0000,0.0017
0.6000,0.7000,0.0800,0.0936,ARITHMETIC,0.0000,0.0017
0.6000,0.7000,0.0800,0.1458,ARITHMETIC,0.0000,0.0018
0.6000,0.7000,0.0800,0.2182,ARITHMETIC,0.0000,0.0018
0.6000,0.7000,0.0800,0.1597,ARITHMETIC,0.0000,0.0018
0.6000,0.7000,0.0800,0.0759,ARITHMETIC,0.0000,0.0017
0.6000,0.7000,0.0800,0.2725,ARITHMETIC,0.0000,0.0019
0.6000,0.7000,0.0800,0.1813,ARITHMETIC,0.0000,0.0018
0.6000,0.7000,0.0800,0.2813,ARITHMETIC,0.0000,0.0019
0.6000,0.7000,0.0800,0.4417,ARITHMETIC,0.0009,0.0024
0.6000,0.7000,0.0800,0.2109,ARITHMETIC,0.0000,0.0018
0.6000,0.7000,0.0800,0.0702,ARITHMETIC,0.0000,0.0017
0.6000,0.7000,0.0800,0.4673,ARITHMETIC,0.0014,0.0025
0.6000,0.7000,0.0800,0.2952,ARITHMETIC,0.0000,0.0020
0.6000,0.7000,0.0800,0.1721,ARITHMETIC,0.0000,0.0018
0.6000,0.7000,0.0800,0.5141,ARITHMETIC,0.0020,0.0027
0.6000,0.7000,0.0800,0.4176,ARITHMETIC,0.0007,0.0023
0.6000,0.7000,0.0800,0.2609,ARITHMETIC,0.0000,0.0019
0.6000,0.7000,0.0800,0.2236,ARITHMETIC,0.0000,0.0019
0.6000,0.7000,0.0800,0.0855,ARITHMETIC,0.0000,0.0017
0.6000,0.7000,0.0800,0.1928,ARITHMETIC,0.0000,0.0018
0.6000,0.7000,0.0800,0.4079,ARITHMETIC,0.0005,0.0023
0.6000,0.7000,0.0800,0.0878,ARITHMETIC,0.0000,0.0017
0.6000,0.7000,0.0800,0.2382,ARITHMETIC,0.0000,0.0019
0.6000,0.7000,0.0800,0.3458,ARITHMETIC,0.0001,0.0021
0.6000,0.7000,0.0800,0.4200,ARITHMETIC,0.0006,0.0023
0.6000,0.7000,0.0800,0.4214,ARITHMETIC,0.0006,0.0023
0.6000,0.7000,0.0800,0.1963,ARITHMETIC,0.0000,0.0018
0.6000,0.7000,0.0800,0.2146,ARITHMETIC,0.0000,0.0018
0.6000,0.7000,0.0800,0.1287,ARITHMETIC,0.0000,0.0017
0.6000,0.7000,0.0800,0.4146,ARITHMETIC,0.0006,0.0023
0.6000,0.7000,0.0800,0.1827,ARITHMETIC,0.0000,0.0018
0.6000,0.7000,0.0800,0.2902,ARITHMETIC,0.0000,0.0020
0.6000,0.7000,0.0800,0.4999,ARITHMETIC,0.0022,0.0027
0.6000,0.7000,0.0800,0.0532,ARITHMETIC,0.0000,0.0017
0.6000,0.7000,0.0800,0.4783,ARITHMETIC,0.0015,0.0025
0.6000,0.7000,0.0800,0.4199,ARITHMETIC,0.0008,0.0023
0.6000,0.7000,0.0800,0.3726,ARITHMETIC,0.0002,0.0022
0.6000,0.7000,0.0800,0.2535,ARITHMETIC,0.0000,0.0019
0.6000,0.7000,0.0800,0.3620,ARITHMETIC,0.0003,0.0021
0.6000,0.7000,0.0800,0.5243,ARITHMETIC,0.0024,0.0028
0.6000,0.7000,0.0800,0.0976,ARITHMETIC,0.0000,0.0017
0.6000,0.7000,0.0800,0.0839,ARITHMETIC,0.0000,0.0017
0.6000,0.7000,0.0800,0.2202,ARITHMETIC,0.0000,0.0018
0.6000,0.7000,0.0800,0.1015,ARITHMETIC,0.0000,0.0017
0.6000,0.7000,0.0800,0.5089,ARITHMETIC,0.0026,0.0027
0.6000,0.7000,0.0800,0.4437,ARITHMETIC,0.0010,0.0024
0.6000,0.7000,0.0800,0.1292,ARITHMETIC,0.0000,0.0017
0.6000,0.7000,0.0800,0.2368,ARITHMETIC,0.0000,0.0019
0.6000,0.7000,0.0800,0.2577,ARITHMETIC,0.0000,0.0019
0.6000,0.7000,0.0800,0.5272,ARITHMETIC,0.0029,0.0028
0.6000,0.7000,0.0800,0.2146,ARITHMETIC,0.0000,0.0018
0.6000,0.7000,0.0800,0.2901,ARITHMETIC,0.0000,0.0020
0.6000,0.7000,0.0800,0.3145,ARITHMETIC,0.0000,0.0020
0.6000,0.7000,0.0800,0.4409,ARITHMETIC,0.0011,0.0024
0.6000,0.7000,0.0800,0.4840,ARITHMETIC,0.0016,0.0026
0.6000,0.7000,0.0800,0.3854,ARITHMETIC,0.0004,0.0022
0.6000,0.7000,0.0800,0.2317,ARITHMETIC,0.0000,0.0019
0.6000,0.7000,0.0800,0.1645,ARITHMETIC,0.0000,0.0018
0.6000,0.7000,0.0800,0.2490,ARITHMETIC,0.0000,0.0019
0.6000,0.7000,0.0800,0.3379,ARITHMETIC,0.0001,0.0021
0.6000,0.7000,0.0800,0.4335,ARITHMETIC,0.0009,0.0024
0.6000,0.7000,0.0800,0.5297,ARITHMETIC,0.0032,0.0028
0.6000,0.7000,0.0800,0.4867,ARITHMETIC,0.0018,0.0026
0.6000,0.7000,0.0800,0.4439,ARITHMETIC,0.0009,0.0024
0.6000,0.7000,0.0800,0.5003,ARITHMETIC,0.0020,0.0027
0.6000,0.7000,0.0800,0.3980,ARITHMETIC,0.0004,0.0022
0.6000,0.7000,0.0800,0.5227,ARITHMETIC,0.0029,0.0028
0.6000,0.7000,0.0800,0.3068,ARITHMETIC,0.0000,0.0020
0.6000,0.7000,0.0800,0.0955,ARITHMETIC,0.0000,0.0017
0.6000,0.7000,0.0800,0.4148,ARITHMETIC,0.0007,0.0023
0.6000,0.7000,0.0800,0.5242,ARITHMETIC,0.0029,0.0028
0.6000,0.7000,0.0800,0.0655,ARITHMETIC,0.0000,0.0017
0.6000,0.7000,0.0800,0.3610,ARITHMETIC,0.0002,0.0021
0.6000,0.7000,0.0800,0.2024,ARITHMETIC,0.0000,0.0018
0.6000,0.7000,0.0800,0.2521,ARITHMETIC,0.0000,0.0019
0.6000,0.7000,0.0800,0.5090,ARITHMETIC,0.0026,0.0027
0.6000,0.7000,0.0800,0.2172,ARITHMETIC,0.0000,0.0018
0.6000,0.7000,0.0800,0.3629,ARITHMETIC,0.0001,0.0021
0.6000,0.7000,0.0800,0.2617,ARITHMETIC,0.0000,0.0019
0.6000,0.7000,0.0800,0.5134,ARITHMETIC,0.0027,0.0027
0.6000,0.7000,0.0800,0.2343,ARITHMETIC,0.0000,0.0019
0.6000,0.7000,0.0800,0.0997,ARITHMETIC,0.0000,0.0017
0.6000,0.7000,0.0800,0.2595,ARITHMETIC,0.0000,0.0019
0.6000,0.7000,0.0800,0.2526,ARITHMETIC,0.0000,0.0019
0.6000,0.7000,0.0800,0.4927,ARITHMETIC,0.0019,0.0026
0.6000,0.7000,0.0800,0.2157,ARITHMETIC,0.0000,0.0018
0.6000,0.7000,0.0800,0.1970,ARITHMETIC,0.0000,0.0018
0.6000,0.7000,0.0800,0.2535,ARITHMETIC,0.0000,0.0019
0.6000,0.7000,0.0800,0.3955,ARITHMETIC,0.0006,0.0022
0.6000,0.7000,0.0800,0.2612,ARITHMETIC,0.0000,0.0019
0.6000,0.7000,0.0800,0.3110,ARITHMETIC,0.0000,0.0020
0.6000,0.7000,0.0800,0.4051,ARITHMETIC,0.0005,0.0023
0.6000,0.7000,0.0800,0.0634,ARITHMETIC,0.0000,0.0017
0.6000,0.7000,0.0800,0.1166,ARITHMETIC,0.0000,0.0017
0.6000,0.7000,0.0800,0.4126,ARITHMETIC,0.0004,0.0023
0.6000,0.7000,0.0800,0.5036,ARITHMETIC,0.0026,0.0027
0.6000,0.7000,0.0800,0.4835,ARITHMETIC,0.0017,0.0026
0.6000,0.7000,0.0800,0.4036,ARITHMETIC,0.0005,0.0022
0.6000,0.7000,0.0800,0.5409,ARITHMETIC,0.0033,0.0029
0.6000,0.7000,0.0800,0.4765,ARITHMETIC,0.0014,0.0025
0.6000,0.7000,0.0800,0.3969,ARITHMETIC,0.0004,0.0022
0.6000,0.7000,0.0800,0.3701,ARITHMETIC,0.0003,0.0021
0.6000,0.7000,0.0800,0.4766,ARITHMETIC,0.0014,0.0025
0.6000,0.7000,0.0800,0.4901,ARITHMETIC,0.0024,0.0026
0.6000,0.7000,0.0800,0.1870,ARITHMETIC,0.0000,0.0018
0.6000,0.7000,0.0800,0.4770,ARITHMETIC,0.0016,0.0025
0.6000,0.7000,0.0800,0.3441,ARITHMETIC,0.0001,0.0021
0.6000,0.7000,0.0800,0.0501,ARITHMETIC,0.0000,0.0017
0.6000,0.7000,0.0800,0.1485,ARITHMETIC,0.0000,0.0018
0.6000,0.7000,0.0800,0.4398,ARITHMETIC,0.0007,0.0024
0.6000,0.7000,0.0800,0.2211,ARITHMETIC,0.0000,0.0018
0.6000,0.7000,0.0800,0.4715,ARITHMETIC,0.0014,0.0025
0.6000,0.7000,0.0800,0.3513,ARITHMETIC,0.0001,0.0021
0.6000,0.7000,0.0800,0.5433,ARITHMETIC,0.0029,0.0029
0.6000,0.7000,0.0800,0.4319,ARITHMETIC,0.0008,0.0023
0.6000,0.7000,0.0800,0.0965,ARITHMETIC,0.0000,0.0017
0.6000,0.7000,0.0800,0.4689,ARITHMETIC,0.0014,0.0025
0.6000,0.7000,0.0800,0.3820,ARITHMETIC,0.0004,0.0022
0.6000,0.7000,0.0800,0.1601,ARITHMETIC,0.0000,0.0018
0.6000,0.7000,0.0800,0.3084,ARITHMETIC,0.0001,0.0020
0.6000,0.7000,0.0800,0.1302,ARITHMETIC,0.0000,0.0017
0.6000,0.7000,0.0800,0.2365,ARITHMETIC,0.0000,0.0019
0.6000,0.7000,0.0800,0.4224,ARITHMETIC,0.0005,0.0023
0.6000,0.7000,0.0800,0.2767,ARITHMETIC,0.0000,0.0019
0.6000,0.7000,0.0800,0.3807,ARITHMETIC,0.0002,0.0022
0.6000,0.7000,0.0800,0.4997,ARITHMETIC,0.0021,0.0027
0.6000,0.7000,0.0800,0.4008,ARITHMETIC,0.0004,0.0022
0.6000,0.7000,0.0800,0.0960,ARITHMETIC,0.0000,0.0017
0.6000,0.7000,0.0800,0.2562,ARITHMETIC,0.0000,0.0019
0.6000,0.7000,0.0800,0.2081,ARITHMETIC,0.0000,0.0018
0.6000,0.7000,0.0800,0.2892,ARITHMETIC,0.0000,0.0020
0.6000,0.7000,0.0800,0.4984,ARITHMETIC,0.0025,0.0027
0.6000,0.7000,0.0800,0.2215,ARITHMETIC,0.0000,0.0018
0.6000,0.7000,0.0800,0.4207,ARITHMETIC,0.0007,0.0023
0.6000,0.7000,0.0800,0.2841,ARITHMETIC,0.0000,0.0019
0.6000,0.7000,0.0800,0.4689,ARITHMETIC,0.0020,0.0025
0.6000,0.7000,0.0800,0.1679,ARITHMETIC,0.0000,0.0018
0.6000,0.7000,0.0800,0.3117,ARITHMETIC,0.0000,0.0020
0.6000,0.7000,0.0800,0.3659,ARITHMETIC,0.0002,0.0021
0.6000,0.7000,0.0800,0.2383,ARITHMETIC,0.0000,0.0019
0.6000,0.7000,0.0800,0.3318,ARITHMETIC,0.0001,0.0020
0.6000,0.7000,0.0800,0.1984,ARITHMETIC,0.0000,0.0018
0.6000,0.7000,0.0800,0.5437,ARITHMETIC,0.0036,0.0029
0.6000,0.7000,0.0800,0.3936,ARITHMETIC,0.0006,0.0022
0.6000,0.7000,0.0800,0.3647,ARITHMETIC,0.0003,0.0021
0.6000,0.7000,0.0800,0.5173,ARITHMETIC,0.0022,0.0028
0.6000,0.7000,0.0800,0.2703,ARITHMETIC,0.0000,0.0019
0.6000,0.7000,0.0800,0.5406,ARITHMETIC,0.0032,0.0029
0.6000,0.7000,0.0800,0.0950,ARITHMETIC,0.0000,0.0017
0.6000,0.7000,0.0800,0.5441,ARITHMETIC,0.0037,0.0029
0.6000,0.7000,0.0800,0.4098,ARITHMETIC,0.0006,0.0023
0.6000,0.7000,0.0800,0.3400,ARITHMETIC,0.0001,0.0021
0.6000,0.7000,0.0800,0.2282,ARITHMETIC,0.0000,0.0019
0.6000,0.7000,0.0800,0.1515,ARITHMETIC,0.0000,0.0018
0.6000,0.7000,0.0800,0.5413,ARITHMETIC,0.0033,0.0029
0.6000,0.7000,0.0800,0.1676,ARITHMETIC,0.0000,0.0018
0.6000,0.7000,0.0800,0.4901,ARITHMETIC,0.0018,0.0026
0.6000,0.7000,0.0800,0.0785,ARITHMETIC,0.0000,0.0017
0.6000,0.7000,0.0800,0.4506,ARITHMETIC,0.0010,0.0024
0.6000,0.7000,0.0800,0.4848,ARITHMETIC,0.0015,0.0026
0.6000,0.7000,0.0800,0.1725,ARITHMETIC,0.0000,0.0018
0.6000,0.7000,0.0800,0.5385,ARITHMETIC,0.0028,0.0029
0.6000,0.7000,0.0800,0.2359,ARITHMETIC,0.0000,0.0019
0.6000,0.7000,0.0800,0.1292,ARITHMETIC,0.0000,0.0017
0.6000,0.7000,0.0800,0.2597,ARITHMETIC,0.0000,0.0019
0.6000,0.7000,0.0800,0.5362,ARITHMETIC,0.0027,0.0029
0.6000,0.7000,0.0800,0.1067,ARITHMETIC,0.0000,0.0017
0.6000,0.7000,0.0800,0.3965,ARITHMETIC,0.0004,0.0022
0.6000,0.7000,0.0800,0.1180,ARITHMETIC,0.0000,0.0017
0.6000,0.7000,0.0800,0.3926,ARITHMETIC,0.0003,0.0022
0.6000,0.7000,0.0800,0.1271,ARITHMETIC,0.0000,0.0017
0.6000,0.7000,0.0800,0.5219,ARITHMETIC,0.0022,0.0028
0.6000,0.7000,0.0800,0.5069,ARITHMETIC,0.0023,0.0027
0.6000,0.7000,0.0800,0.5422,ARITHMETIC,0.0029,0.0029
0.6000,0.7000,0.0800,0.4892,ARITHMETIC,0.0016,0.0026
0.6000,0.7000,0.0800,0.2430,ARITHMETIC,0.0000,0.0019
0.6000,0.7000,0.0800,0.2829,ARITHMETIC,0.0000,0.0019
0.6000,0.7000,0.0800,0.2069,ARITHMETIC,0.0000,0.0018
0.6000,0.7000,0.0800,0.2961,ARITHMETIC,0.0000,0.0020
0.6000,0.7000,0.0800,0.1690,ARITHMETIC,0.0000,0.0018
0.6000,0.7000,0.0800,0.5300,ARITHMETIC,0.0025,0.0028
0.6000,0.7000,0.0800,0.2589,ARITHMETIC,0.0000,0.0019
0.6000,0.7000,0.0800,0.2180,ARITHMETIC,0.0000,0.0018
0.6000,0.7000,0.0800,0.5176,ARITHMETIC,0.0025,0.0028
0.6000,0.7000,0.0800,0.2238,ARITHMETIC,0.0000,0.0019
0.6000,0.7000,0.0800,0.2607,ARITHMETIC,0.0000,0.0019
0.6000,0.7000,0.0800,0.3640,ARITHMETIC,0.0002,0.0021
0.6000,0.7000,0.0800,0.4153,ARITHMETIC,0.0006,0.0023
0.6000,0.7000,0.0800,0.2628,ARITHMETIC,0.0000,0.0019
0.6000,0.7000,0.0800,0.1611,ARITHMETIC,0.0000,0.0018
0.6000,0.7000,0.0800,0.3609,ARITHMETIC,0.0002,0.0021
0.6000,0.7000,0.0800,0.1351,ARITHMETIC,0.0000,0.0018
0.6000,0.7000,0.0800,0.3594,ARITHMETIC,0.0001,0.0021
0.6000,0.7000,0.0800,0.3713,ARITHMETIC,0.0002,0.0021
0.6000,0.7000,0.0800,0.3694,ARITHMETIC,0.0002,0.0021
0.6000,0.7000,0.0800,0.2260,ARITHMETIC,0.0000,0.0019
0.6000,0.7000,0.0800,0.2482,ARITHMETIC,0.0000,0.0019
0.6000,0.7000,0.0800,0.1825,ARITHMETIC,0.0000,0.0018
0.6000,0.7000,0.0800,0.4447,ARITHMETIC,0.0010,0.0024
0.6000,0.7000,0.0800,0.4081,ARITHMETIC,0.0004,0.0023
0.6000,0.7000,0.0800,0.3957,ARITHMETIC,0.0004,0.0022
0.6000,0.7000,0.0800,0.5357,ARITHMETIC,0.0032,0.0029
0.6000,0.7000,0.0800,0.4934,ARITHMETIC,0.0017,0.0026
0.6000,0.7000,0.0800,0.2646,ARITHMETIC,0.0000,0.0019
0.6000,0.7000,0.0800,0.4290,ARITHMETIC,0.0007,0.0023
0.6000,0.7000,0.0800,0.3720,ARITHMETIC,0.0002,0.0021
0.6000,0.7000,0.0800,0.3185,ARITHMETIC,0.0001,0.0020
0.6000,0.7000,0.0800,0.1200,ARITHMETIC,0.0000,0.0017
0.6000,0.7000,0.0800,0.2968,ARITHMETIC,0.0000,0.0020
0.6000,0.7000,0.0800,0.1585,ARITHMETIC,0.0000,0.0018
0.6000,0.7000,0.0800,0.4542,ARITHMETIC,0.0012,0.0024
0.6000,0.7000,0.0800,0.4196,ARITHMETIC,0.0006,0.0023
0.6000,0.7000,0.0800,0.1395,ARITHMETIC,0.0000,0.0018
0.6000,0.7000,0.0800,0.0952,ARITHMETIC,0.0000,0.0017
0.6000,0.7000,0.0800,0.1043,ARITHMETIC,0.0000,0.0017
0.6000,0.7000,0.0800,0.4418,ARITHMETIC,0.0011,0.0024
0.6000,0.7000,0.0800,0.5208,ARITHMETIC,0.0023,0.0028
0.6000,0.7000,0.0800,0.1949,ARITHMETIC,0.0000,0.0018
0.6000,0.7000,0.0800,0.1046,ARITHMETIC,0.0000,0.0017
0.6000,0.7000,0.0800,0.4039,ARITHMETIC,0.0006,0.0022
0.6000,0.7000,0.0800,0.3113,ARITHMETIC,0.0000,0.0020
0.6000,0.7000,0.0800,0.3528,ARITHMETIC,0.0001,0.0021
0.6000,0.7000,0.0800,0.3009,ARITHMETIC,0.0000,0.0020
0.6000,0.7000,0.0800,0.4549,ARITHMETIC,0.0012,0.0024
0.6000,0.7000,0.0800,0.3424,ARITHMETIC,0.0001,0.0021
0.6000,0.7000,0.0800,0.4511,ARITHMETIC,0.0008,0.0024
0.6000,0.7000,0.0800,0.3789,ARITHMETIC,0.0004,0.0022
0.6000,0.7000,0.0800,0.3925,ARITHMETIC,0.0004,0.0022
0.6000,0.7000,0.0800,0.4183,ARITHMETIC,0.0005,0.0023
0.6000,0.7000,0.0800,0.3391,ARITHMETIC,0.0001,0.0021
0.6000,0.7000,0.0800,0.2299,ARITHMETIC,0.0000,0.0019
0.6000,0.7000,0.0800,0.2481,ARITHMETIC,0.0000,0.0019
0.6000,0.7000,0.0800,0.0612,ARITHMETIC,0.0000,0.0017
0.6000,0.7000,0.0800,0.0686,ARITHMETIC,0.0000,0.0017
0.6000,0.7000,0.0800,0.2824,ARITHMETIC,0.0000,0.0019
0.6000,0.7000,0.0800,0.4510,ARITHMETIC,0.0012,0.0024
0.6000,0.7000,0.0800,0.4036,ARITHMETIC,0.0006,0.0022
0.6000,0.7000,0.0800,0.2424,ARITHMETIC,0.0000,0.0019
0.6000,0.7000,0.0800,0.2898,ARITHMETIC,0.0000,0.0020
0.6000,0.7000,0.0800,0.4691,ARITHMETIC,0.0014,0.0025
0.6000,0.7000,0.0800,0.4438,ARITHMETIC,0.0007,0.0024
0.6000,0.7000,0.0800,0.3551,ARITHMETIC,0.0001,0.0021
0.6000,0.7000,0.0800,0.4745,ARITHMETIC,0.0013,0.0025
0.6000,0.7000,0.0800,0.5396,ARITHMETIC,0.0027,0.0029
0.6000,0.7000,0.0800,0.3615,ARITHMETIC,0.0002,0.0021
0.6000,0.7000,0.0800,0.5349,ARITHMETIC,0.0030,0.0029
0.6000,0.7000,0.0800,0.0890,ARITHMETIC,0.0000,0.0017
0.6000,0.7000,0.0800,0.4379,ARITHMETIC,0.0010,0.0024
0.6000,0.7000,0.0800,0.0981,ARITHMETIC,0.0000,0.0017
0.6000,0.7000,0.0800,0.1608,ARITHMETIC,0.0000,0.0018
0.6000,0.7000,0.0800,0.2196,ARITHMETIC,0.0000,0.0018
0.6000,0.7000,0.0800,0.1084,ARITHMETIC,0.0000,0.0017
0.6000,0.7000,0.0800,0.4080,ARITHMETIC,0.0006,0.0023
0.6000,0.7000,0.0800,0.2247,ARITHMETIC,0.0000,0.0019
0.6000,0.7000,0.0800,0.1343,ARITHMETIC,0.0000,0.0018
0.6000,0.7000,0.0800,0.1574,ARITHMETIC,0.0000,0.0018
0.6000,0.7000,0.0800,0.0624,ARITHMETIC,0.0000,0.0017
0.6000,0.7000,0.0800,0.5303,ARITHMETIC,0.0025,0.0028
0.6000,0.7000,0.0800,0.5256,ARITHMETIC,0.0025,0.0028
0.6000,0.7000,0.0800,0.1772,ARITHMETIC,0.0000,0.0018
0.6000,0.7000,0.0800,0.3996,ARITHMETIC,0.0004,0.0022
0.6000,0.7000,0.0800,0.0732,ARITHMETIC,0.0000,0.0017
0.6000,0.7000,0.0800,0.2248,ARITHMETIC,0.0000,0.0019
0.6000,0.7000,0.0800,0.3881,ARITHMETIC,0.0004,0.0022
0.6000,0.7000,0.0800,0.1638,ARITHMETIC,0.0000,0.0018
0.6000,0.7000,0.0800,0.2196,ARITHMETIC,0.0000,0.0018
0.6000,0.7000,0.0800,0.1156,ARITHMETIC,0.0000,0.0017
0.6000,0.7000,0.0800,0.1257,ARITHMETIC,0.0000,0.0017
0.6000,0.7000,0.0800,0.0531,ARITHMETIC,0.0000,0.0017
0.6000,0.7000,0.0800,0.2193,ARITHMETIC,0.0000,0.0018
0.6000,0.7000,0.0800,0.2629,ARITHMETIC,0.0000,0.0019
0.6000,0.7000,0.0800,0.2613,ARITHMETIC,0.0000,0.0019
0.6000,0.7000,0.0800,0.1925,ARITHMETIC,0.0000,0.0018
0.6000,0.7000,0.0800,0.3159,ARITHMETIC,0.0000,0.0020
0.6000,0.7000,0.0800,0.0627,ARITHMETIC,0.0000,0.0017
0.6000,0.7000,0.0800,0.2529,ARITHMETIC,0.0000,0.0019
0.6000,0.7000,0.0800,0.3564,ARITHMETIC,0.0002,0.0021
0.6000,0.7000,0.0800,0.4320,ARITHMETIC,0.0007,0.0023
0.6000,0.7000,0.0800,0.5464,ARITHMETIC,0.0037,0.0029
0.6000,0.7000,0.0800,0.2697,ARITHMETIC,0.0000,0.0019
0.6000,0.7000,0.0800,0.5201,ARITHMETIC,0.0024,0.0028
0.6000,0.7000,0.0800,0.5082,ARITHMETIC,0.0018,0.0027
0.6000,0.7000,0.0800,0.1196,ARITHMETIC,0.0000,0.0017
0.6000,0.7000,0.0800,0.3004,ARITHMETIC,0.0000,0.0020
0.6000,0.7000,0.0800,0.1621,ARITHMETIC,0.0000,0.0018
0.6000,0.7000,0.0800,0.4465,ARITHMETIC,0.0014,0.0024
0.6000,0.7000,0.0800,0.4176,ARITHMETIC,0.0005,0.0023
0.6000,0.7000,0.0800,0.5367,ARITHMETIC,0.0030,0.0029
0.6000,0.7000,0.0800,0.0797,ARITHMETIC,0.0000,0.0017
0.6000,0.7000,0.0800,0.2665,ARITHMETIC,0.0000,0.0019
0.6000,0.7000,0.0800,0.2323,ARITHMETIC,0.0000,0.0019
0.6000,0.7000,0.0800,0.3778,ARITHMETIC,0.0003,0.0022
0.6000,0.7000,0.0800,0.3154,ARITHMETIC,0.0000,0.0020
0.6000,0.7000,0.0800,0.3351,ARITHMETIC,0.0001,0.0021
0.6000,0.7000,0.0800,0.1210,ARITHMETIC,0.0000,0.0017
0.6000,0.7000,0.0800,0.5206,ARITHMETIC,0.0026,0.0028
0.6000,0.7000,0.0800,0.2125,ARITHMETIC,0.0000,0.0018
0.6000,0.7000,0.0800,0.2466,ARITHMETIC,0.0000,0.0019
0.6000,0.7000,0.0800,0.1643,ARITHMETIC,0.0000,0.0018
0.6000,0.7000,0.0800,0.2017,ARITHMETIC,0.0000,0.0018
0.6000,0.7000,0.0800,0.2394,ARITHMETIC,0.0000,0.0019
0.6000,0.7000,0.0800,0.1803,ARITHMETIC,0.0000,0.0018
0.6000,0.7000,0.0800,0.2767,ARITHMETIC,0.0000,0.0019
0.6000,0.7000,0.0800,0.4665,ARITHMETIC,0.0013,0.0025
0.6000,0.7000,0.0800,0.4718,ARITHMETIC,0.0014,0.0025
0.6000,0.7000,0.0800,0.3562,ARITHMETIC,0.0002,0.0021
0.6000,0.7000,0.0800,0.3264,ARITHMETIC,0.0001,0.0020
0.6000,0.7000,0.0800,0.3511,ARITHMETIC,0.0001,0.0021
0.6000,0.7000,0.0800,0.3021,ARITHMETIC,0.0000,0.0020
0.6000,0.7000,0.0800,0.0855,ARITHMETIC,0.0000,0.0017
0.6000,0.7000,0.0800,0.1010,ARITHMETIC,0.0000,0.0017
0.6000,0.7000,0.0800,0.2893,ARITHMETIC,0.0000,0.0020
0.6000,0.7000,0.0800,0.0869,ARITHMETIC,0.0000,0.0017
0.6000,0.7000,0.0800,0.1149,ARITHMETIC,0.0000,0.0017
0.6000,0.7000,0.0800,0.3629,ARITHMETIC,0.0001,0.0021
0.6000,0.7000,0.0800,0.5228,ARITHMETIC,0.0024,0.0028
0.6000,0.7000,0.0800,0.0674,ARITHMETIC,0.0000,0.0017
0.6000,0.7000,0.0800,0.3512,ARITHMETIC,0.0002,0.0021
0.6000,0.7000,0.0800,0.2762,ARITHMETIC,0.0000,0.0019
0.6000,0.7000,0.0800,0.0698,ARITHMETIC,0.0000,0.0017
0.6000,0.7000,0.0800,0.4402,ARITHMETIC,0.0010,0.0024
0.6000,0.7000,0.0800,0.4023,ARITHMETIC,0.0004,0.0022
0.6000,0.7000,0.0800,0.5172,ARITHMETIC,0.0027,0.0028
0.6000,0.7000,0.0800,0.3820,ARITHMETIC,0.0003,0.0022
0.6000,0.7000,0.0800,0.4078,ARITHMETIC,0.0004,0.0023
0.6000,0.7000,0.0800,0.2301,ARITHMETIC,0.0000,0.0019
0.6000,0.7000,0.0800,0.3395,ARITHMETIC,0.0000,0.0021
0.6000,0.7000,0.0800,0.3602,ARITHMETIC,0.0002,0.0021
0.6000,0.7000,0.0800,0.1083,ARITHMETIC,0.0000,0.0017
0.6000,0.7000,0.0800,0.1496,ARITHMETIC,0.0000,0.0018
0.6000,0.7000,0.0800,0.1680,ARITHMETIC,0.0000,0.0018
0.6000,0.7000,0.0800,0.3549,ARITHMETIC,0.0002,0.0021
0.6000,0.7000,0.0800,0.3214,ARITHMETIC,0.0001,0.0020
0.6000,0.7000,0.0800,0.2114,ARITHMETIC,0.0000,0.0018
0.6000,0.7000,0.0800,0.4449,ARITHMETIC,0.0008,0.0024
0.6000,0.7000,0.0800,0.3959,ARITHMETIC,0.0004,0.0022
0.6000,0.7000,0.0800,0.1197,ARITHMETIC,0.0000,0.0017
0.6000,0.7000,0.0800,0.4449,ARITHMETIC,0.0010,0.0024
0.6000,0.7000,0.0800,0.2048,ARITHMETIC,0.0000,0.0018
0.6000,0.7000,0.0800,0.2831,ARITHMETIC,0.0000,0.0019
0.6000,0.7000,0.0800,0.1409,ARITHMETIC,0.0000,0.0018
0.6000,0.7000,0.0800,0.2516,ARITHMETIC,0.0000,0.0019
0.6000,0.7000,0.0800,0.1648,ARITHMETIC,0.0000,0.0018
0.6000,0.7000,0.0800,0.4167,ARITHMETIC,0.0005,0.0023
0.6000,0.7000,0.0800,0.3441,ARITHMETIC,0.0001,0.0021
0.6000,0.7000,0.0800,0.4907,ARITHMETIC,0.0018,0.0026
0.6000,0.7000,0.0800,0.1290,ARITHMETIC,0.0000,0.0017
0.6000,0.7000,0.0800,0.3373,ARITHMETIC,0.0000,0.0021
0.6000,0.7000,0.0800,0.2860,ARITHMETIC,0.0000,0.0019
0.6000,0.7000,0.0800,0.2881,ARITHMETIC,0.0000,0.0020
0.6000,0.7000,0.0800,0.4277,ARITHMETIC,0.0009,0.0023
0.6000,0.7000,0.0800,0.2573,ARITHMETIC,0.0000,0.0019
0.6000,0.7000,0.0800,0.3976,ARITHMETIC,0.0006,0.0022
0.6000,0.7000,0.0800,0.1894,ARITHMETIC,0.0000,0.0018
0.6000,0.7000,0.0800,0.1135,ARITHMETIC,0.0000,0.0017
0.6000,0.7000,0.0800,0.4464,ARITHMETIC,0.0010,0.0024
0.6000,0.7000,0.0800,0.3129,ARITHMETIC,0.0001,0.0020
0.6000,0.7000,0.0800,0.1739,ARITHMETIC,0.0000,0.0018
0.6000,0.7000,0.0800,0.2759,ARITHMETIC,0.0000,0.0019
0.6000,0.7000,0.0800,0.3663,ARITHMETIC,0.0002,0.0021
0.6000,0.7000,0.0800,0.1735,ARITHMETIC,0.0000,0.0018
0.6000,0.7000,0.0800,0.1403,ARITHMETIC,0.0000,0.0018
0.6000,0.7000,0.0800,0.5453,ARITHMETIC,0.0041,0.0029
0.6000,0.7000,0.0800,0.1422,ARITHMETIC,0.0000,0.0018
0.6000,0.7000,0.0800,0.2171,ARITHMETIC,0.0000,0.0018
0.6000,0.7000,0.0800,0.2492,ARITHMETIC,0.0000,0.0019
0.6000,0.7000,0.0800,0.4806,ARITHMETIC,0.0013,0.0026
0.6000,0.7000,0.0800,0.1891,ARITHMETIC,0.0000,0.0018
0.6000,0.7000,0.0800,0.1608,ARITHMETIC,0.0000,0.0018
0.6000,0.7000,0.0800,0.1133,ARITHMETIC,0.0000,0.0017
0.6000,0.7000,0.0800,0.4303,ARITHMETIC,0.0008,0.0023
0.6000,0.7000,0.0800,0.3326,ARITHMETIC,0.0001,0.0020
0.6000,0.7000,0.0800,0.0971,ARITHMETIC,0.0000,0.0017
0.6000,0.7000,0.0800,0.2775,ARITHMETIC,0.0000,0.0019
0.6000,0.7000,0.0800,0.5442,ARITHMETIC,0.0032,0.0029
0.6000,0.7000,0.0800,0.5115,ARITHMETIC,0.0022,0.0027
0.6000,0.7000,0.0800,0.3312,ARITHMETIC,0.0001,0.0020
0.6000,0.7000,0.0800,0.1676,ARITHMETIC,0.0000,0.0018
0.6000,0.7000,0.0800,0.3445,ARITHMETIC,0.0001,0.0021
0.6000,0.7000,0.0800,0.3064,ARITHMETIC,0.0000,0.0020
0.6000,0.7000,0.0800,0.5350,ARITHMETIC,0.0030,0.0029
0.6000,0.7000,0.0800,0.0575,ARITHMETIC,0.0000,0.0017
0.6000,0.7000,0.0800,0.2057,ARITHMETIC,0.0000,0.0018
0.6000,0.7000,0.0800,0.2516,ARITHMETIC,0.0000,0.0019
0.6000,0.7000,0.0800,0.4152,ARITHMETIC,0.0006,0.0023
0.6000,0.7000,0.0800,0.4246,ARITHMETIC,0.0007,0.0023
0.6000,0.7000,0.0800,0.4171,ARITHMETIC,0.0008,0.0023
0.6000,0.7000,0.0800,0.3344,ARITHMETIC,0.0001,0.0021
0.6000,0.7000,0.0800,0.3258,ARITHMETIC,0.0000,0.0020
0.6000,0.7000,0.0800,0.1951,ARITHMETIC,0.0000,0.0018
0.6000,0.7000,0.0800,0.4844,ARITHMETIC,0.0017,0.0026
0.6000,0.7000,0.0800,0.2634,ARITHMETIC,0.0000,0.0019
0.6000,0.7000,0.0800,0.2288,ARITHMETIC,0.0000,0.0019
0.6000,0.7000,0.0800,0.4476,ARITHMETIC,0.0010,0.0024
0.6000,0.7000,0.0800,0.4124,ARITHMETIC,0.0006,0.0023
0.6000,0.7000,0.0800,0.2093,ARITHMETIC,0.0000,0.0018
0.6000,0.7000,0.0800,0.0618,ARITHMETIC,0.0000,0.0017
0.6000,0.7000,0.0800,0.0542,ARITHMETIC,0.0000,0.0017
0.6000,0.7000,0.0800,0.4754,ARITHMETIC,0.0016,0.0025
0.6000,0.7000,0.0800,0.1255,ARITHMETIC,0.0000,0.0017
0.6000,0.7000,0.0800,0.3512,ARITHMETIC,0.0002,0.0021
0.6000,0.7000,0.0800,0.3454,ARITHMETIC,0.0000,0.0021
0.6000,0.7000,0.0800,0.1627,ARITHMETIC,0.0000,0.0018
0.6000,0.7000,0.0800,0.2728,ARITHMETIC,0.0000,0.0019
0.6000,0.7000,0.0800,0.2595,ARITHMETIC,0.0000,0.0019
0.6000,0.7000,0.0800,0.3014,ARITHMETIC,0.0000,0.0020
0.6000,0.7000,0.0800,0.4785,ARITHMETIC,0.0017,0.0026
0.6000,0.7000,0.0800,0.5080,ARITHMETIC,0.0025,0.0027
0.6000,0.7000,0.0800,0.0933,ARITHMETIC,0.0000,0.0017
0.6000,0.7000,0.0800,0.2645,ARITHMETIC,0.0000,0.0019
0.6000,0.7000,0.0800,0.1973,ARITHMETIC,0.0000,0.0018
0.6000,0.7000,0.0800,0.4439,ARITHMETIC,0.0009,0.0024
0.6000,0.7000,0.0800,0.2229,ARITHMETIC,0.0000,0.0018
0.6000,0.7000,0.0800,0.2926,ARITHMETIC,0.0000,0.0020
0.6000,0.7000,0.0800,0.4033,ARITHMETIC,0.0003,0.0022
0.6000,0.7000,0.0800,0.3676,ARITHMETIC,0.0003,0.0021
0.6000,0.7000,0.0800,0.4217,ARITHMETIC,0.0007,0.0023
0.6000,0.7000,0.0800,0.2655,ARITHMETIC,0.0000,0.0019
0.6000,0.7000,0.0800,0.3207,ARITHMETIC,0.0001,0.0020
0.6000,0.7000,0.0800,0.1861,ARITHMETIC,0.0000,0.0018
0.6000,0.7000,0.0800,0.4385,ARITHMETIC,0.0010,0.0024
0.6000,0.7000,0.0800,0.4831,ARITHMETIC,0.0019,0.0026
0.6000,0.7000,0.0800,0.2011,ARITHMETIC,0.0000,0.0018
0.6000,0.7000,0.0800,0.2989,ARITHMETIC,0.0000,0.0020
0.6000,0.7000,0.0800,0.1023,ARITHMETIC,0.0000,0.0017
0.6000,0.7000,0.0800,0.1059,ARITHMETIC,0.0000,0.0017
0.6000,0.7000,0.0800,0.1223,ARITHMETIC,0.0000,0.0017
0.6000,0.7000,0.0800,0.3650,ARITHMETIC,0.0003,0.0021
0.6000,0.7000,0.0800,0.4431,ARITHMETIC,0.0007,0.0024
0.6000,0.7000,0.0800,0.1146,ARITHMETIC,0.0000,0.0017
0.6000,0.7000,0.0800,0.5487,ARITHMETIC,0.0035,0.0030
0.6000,0.7000,0.0800,0.2269,ARITHMETIC,0.0000,0.0019
0.6000,0.7000,0.0800,0.4967,ARITHMETIC,0.0017,0.0026
0.6000,0.7000,0.0800,0.5498,ARITHMETIC,0.0031,0.0030
0.6000,0.7000,0.0800,0.4705,ARITHMETIC,0.0016,0.0025
0.6000,0.7000,0.0800,0.2402,ARITHMETIC,0.0000,0.0019
0.6000,0.7000,0.0800,0.0621,ARITHMETIC,0.0000,0.0017
0.6000,0.7000,0.0800,0.3040,ARITHMETIC,0.0000,0.0020
0.6000,0.7000,0.0800,0.2940,ARITHMETIC,0.0000,0.0020
0.6000,0.7000,0.0800,0.0518,ARITHMETIC,0.0000,0.0017
0.6000,0.7000,0.0800,0.4843,ARITHMETIC,0.0016,0.0026
0.6000,0.7000,0.0800,0.1231,ARITHMETIC,0.0000,0.0017
0.6000,0.7000,0.0800,0.3635,ARITHMETIC,0.0003,0.0021
0.6000,0.7000,0.0800,0.1813,ARITHMETIC,0.0000,0.0018
0.6000,0.7000,0.0800,0.2571,ARITHMETIC,0.0000,0.0019
0.6000,0.7000,0.0800,0.2849,ARITHMETIC,0.0000,0.0019
0.6000,0.7000,0.0800,0.3438,ARITHMETIC,0.0001,0.0021
0.6000,0.7000,0.0800,0.3098,ARITHMETIC,0.0000,0.0020
0.6000,0.7000,0.0800,0.2322,ARITHMETIC,0.0000,0.0019
0.6000,0.7000,0.0800,0.0702,ARITHMETIC,0.0000,0.0017
0.6000,0.7000,0.0800,0.1133,ARITHMETIC,0.0000,0.0017
0.6000,0.7000,0.0800,0.3620,ARITHMETIC,0.0002,0.0021
0.6000,0.7000,0.0800,0.3530,ARITHMETIC,0.0002,0.0021
0.6000,0.7000,0.0800,0.3841,ARITHMETIC,0.0004,0.0022
0.6000,0.7000,0.0800,0.0902,ARITHMETIC,0.0000,0.0017
0.6000,0.7000,0.0800,0.1749,ARITHMETIC,0.0000,0.0018
0.6000,0.7000,0.0800,0.1674,ARITHMETIC,0.0000,0.0018
0.6000,0.7000,0.0800,0.4573,ARITHMETIC,0.0015,0.0025
0.6000,0.7000,0.0800,0.4299,ARITHMETIC,0.0007,0.0023
0.6000,0.7000,0.0800,0.4258,ARITHMETIC,0.0007,0.0023
0.6000,0.7000,0.0800,0.5360,ARITHMETIC,0.0035,0.0029
0.6000,0.7000,0.0800,0.5079,ARITHMETIC,0.0021,0.0027
0.6000,0.7000,0.0800,0.3720,ARITHMETIC,0.0002,0.0021
0.6000,0.7000,0.0800,0.3044,ARITHMETIC,0.0000,0.0020
0.6000,0.7000,0.0800,0.4588,ARITHMETIC,0.0011,0.0025
0.6000,0.7000,0.0800,0.3248,ARITHMETIC,0.0000,0.0020
0.6000,0.7000,0.0800,0.4338,ARITHMETIC,0.0007,0.0024
0.6000,0.7000,0.0800,0.1401,ARITHMETIC,0.0000,0.0018
0.6000,0.7000,0.0800,0.3065,ARITHMETIC,0.0000,0.0020
0.6000,0.7000,0.0800,0.2918,ARITHMETIC,0.0000,0.0020
0.6000,0.7000,0.0800,0.2923,ARITHMETIC,0.0000,0.0020
0.6000,0.7000,0.0800,0.3098,ARITHMETIC,0.0000,0.0020
0.6000,0.7000,0.0800,0.3570,ARITHMETIC,0.0001,0.0021
0.6000,0.7000,0.0800,0.3527,ARITHMETIC,0.0002,0.0021
0.6000,0.7000,0.0800,0.5263,ARITHMETIC,0.0031,0.0028
0.6000,0.7000,0.0800,0.1598,ARITHMETIC,0.0000,0.0018
0.6000,0.7000,0.0800,0.1220,ARITHMETIC,0.0000,0.0017
0.6000,0.7000,0.0800,0.4147,ARITHMETIC,0.0004,0.0023
0.6000,0.7000,0.0800,0.1717,ARITHMETIC,0.0000,0.0018
0.6000,0.7000,0.0800,0.1903,ARITHMETIC,0.0000,0.0018
0.6000,0.7000,0.0800,0.1397,ARITHMETIC,0.0000,0.0018
0.6000,0.7000,0.0800,0.2888,ARITHMETIC,0.0000,0.0020
0.6000,0.7000,0.0800,0.2547,ARITHMETIC,0.0000,0.0019
0.6000,0.7000,0.0800,0.5376,ARITHMETIC,0.0025,0.0029
0.6000,0.7000,0.0800,0.3876,ARITHMETIC,0.0004,0.0022
0.6000,0.7000,0.0800,0.3424,ARITHMETIC,0.0001,0.0021
0.6000,0.7000,0.0800,0.3387,ARITHMETIC,0.0001,0.0021
0.6000,0.7000,0.0800,0.1925,ARITHMETIC,0.0000,0.0018
0.6000,0.7000,0.0800,0.4936,ARITHMETIC,0.0018,0.0026
0.6000,0.7000,0.0800,0.1082,ARITHMETIC,0.0000,0.0017
0.6000,0.7000,0.0800,0.4178,ARITHMETIC,0.0009,0.0023
0.6000,0.7000,0.0800,0.1120,ARITHMETIC,0.0000,0.0017
0.6000,0.7000,0.0800,0.2992,ARITHMETIC,0.0000,0.0020
0.6000,0.7000,0.0800,0.1582,ARITHMETIC,0.0000,0.0018
0.6000,0.7000,0.0800,0.3269,ARITHMETIC,0.0000,0.0020
0.6000,0.7000,0.0800,0.1481,ARITHMETIC,0.0000,0.0018
0.6000,0.7000,0.0800,0.3014,ARITHMETIC,0.0000,0.0020
0.6000,0.7000,0.0800,0.0656,ARITHMETIC,0.0000,0.0017
0.6000,0.7000,0.0800,0.1734,ARITHMETIC,0.0000,0.0018
0.6000,0.7000,0.0800,0.4177,ARITHMETIC,0.0007,0.0023
0.6000,0.7000,0.0800,0.3098,ARITHMETIC,0.0001,0.0020
0.6000,0.7000,0.0800,0.2976,ARITHMETIC,0.0000,0.0020
0.6000,0.7000,0.0800,0.3682,ARITHMETIC,0.0002,0.0021
0.6000,0.7000,0.0800,0.3126,ARITHMETIC,0.0000,0.0020
0.6000,0.7000,0.0800,0.1815,ARITHMETIC,0.0000,0.0018
0.6000,0.7000,0.0800,0.4950,ARITHMETIC,0.0019,0.0026
0.6000,0.7000,0.0800,0.2066,ARITHMETIC,0.0000,0.0018
0.6000,0.7000,0.0800,0.0591,ARITHMETIC,0.0000,0.0017
0.6000,0.7000,0.0800,0.1448,ARITHMETIC,0.0000,0.0018
0.6000,0.7000,0.0800,0.2545,ARITHMETIC,0.0000,0.0019
0.6000,0.7000,0.0800,0.0549,ARITHMETIC,0.0000,0.0017
0.6000,0.7000,0.0800,0.3229,ARITHMETIC,0.0001,0.0020
0.6000,0.7000,0.0800,0.5266,ARITHMETIC,0.0026,0.0028
0.6000,0.7000,0.0800,0.3299,ARITHMETIC,0.0001,0.0020
0.6000,0.7000,0.0800,0.1535,ARITHMETIC,0.0000,0.0018
0.6000,0.7000,0.0800,0.0821,ARITHMETIC,0.0000,0.0017
0.6000,0.7000,0.0800,0.3203,ARITHMETIC,0.0001,0.0020
0.6000,0.7000,0.0800,0.3927,ARITHMETIC,0.0003,0.0022
0.6000,0.7000,0.0800,0.3708,ARITHMETIC,0.0002,0.0021
0.6000,0.7000,0.0800,0.3337,ARITHMETIC,0.0002,0.0020
0.6000,0.7000,0.0800,0.2340,ARITHMETIC,0.0000,0.0019
0.6000,0.7000,0.0800,0.2442,ARITHMETIC,0.0000,0.0019
0.6000,0.7000,0.0800,0.4812,ARITHMETIC,0.0015,0.0026
0.6000,0.7000,0.0800,0.0742,ARITHMETIC,0.0000,0.0017
0.6000,0.7000,0.0800,0.1994,ARITHMETIC,0.0000,0.0018
0.6000,0.7000,0.0800,0.1936,ARITHMETIC,0.0000,0.0018
0.6000,0.7000,0.0800,0.5407,ARITHMETIC,0.0028,0.0029
0.6000,0.7000,0.0800,0.3009,ARITHMETIC,0.0000,0.0020
0.6000,0.7000,0.0800,0.1406,ARITHMETIC,0.0000,0.0018
0.6000,0.7000,0.0800,0.4740,ARITHMETIC,0.0016,0.0025
0.6000,0.7000,0.0800,0.2369,ARITHMETIC,0.0000,0.0019
0.6000,0.7000,0.0800,0.2425,ARITHMETIC,0.0000,0.0019
0.6000,0.7000,0.0800,0.2186,ARITHMETIC,0.0000,0.0018
0.6000,0.7000,0.0800,0.1251,ARITHMETIC,0.0000,0.0017
0.6000,0.7000,0.0800,0.2733,ARITHMETIC,0.0000,0.0019
0.6000,0.7000,0.0800,0.3246,ARITHMETIC,0.0000,0.0020
0.6000,0.7000,0.0800,0.2764,ARITHMETIC,0.0000,0.0019
0.6000,0.7000,0.0800,0.2407,ARITHMETIC,0.0000,0.0019
0.6000,0.7000,0.0800,0.1648,ARITHMETIC,0.0000,0.0018
0.6000,0.7000,0.0800,0.4794,ARITHMETIC,0.0017,0.0026
0.6000,0.7000,0.0800,0.4815,ARITHMETIC,0.0015,0.0026
0.6000,0.7000,0.0800,0.3314,ARITHMETIC,0.0001,0.0020
0.6000,0.7000,0.0800,0.4051,ARITHMETIC,0.0007,0.0023
0.6000,0.7000,0.0800,0.5055,ARITHMETIC,0.0020,0.0027
0.6000,0.7000,0.0800,0.1302,ARITHMETIC,0.0000,0.0017
0.6000,0.7000,0.0800,0.1137,ARITHMETIC,0.0000,0.0017
0.6000,0.7000,0.0800,0.1492,ARITHMETIC,0.0000,0.0018
0.6000,0.7000,0.0800,0.3457,ARITHMETIC,0.0001,0.0021
0.6000,0.7000,0.0800,0.0867,ARITHMETIC,0.0000,0.0017
0.6000,0.7000,0.0800,0.4169,ARITHMETIC,0.0006,0.0023
0.6000,0.7000,0.0800,0.0750,ARITHMETIC,0.0000,0.0017
0.6000,0.7000,0.0800,0.0628,ARITHMETIC,0.0000,0.0017
0.6000,0.7000,0.0800,0.5331,ARITHMETIC,0.0027,0.0029
0.6000,0.7000,0.0800,0.2266,ARITHMETIC,0.0000,0.0019
0.6000,0.7000,0.0800,0.3297,ARITHMETIC,0.0001,0.0020
0.6000,0.7000,0.0800,0.2915,ARITHMETIC,0.0000,0.0020
0.6000,0.7000,0.0800,0.3736,ARITHMETIC,0.0002,0.0022
0.6000,0.7000,0.0800,0.5211,ARITHMETIC,0.0026,0.0028
0.6000,0.7000,0.0800,0.3286,ARITHMETIC,0.0001,0.0020
0.6000,0.7000,0.0800,0.2113,ARITHMETIC,0.0000,0.0018
0.6000,0.7000,0.0800,0.0702,ARITHMETIC,0.0000,0.0017
0.6000,0.7000,0.0800,0.3724,ARITHMETIC,0.0003,0.0022
0.6000,0.7000,0.0800,0.2603,ARITHMETIC,0.0000,0.0019
0.6000,0.7000,0.0800,0.5277,ARITHMETIC,0.0028,0.0028
0.6000,0.7000,0.0800,0.3426,ARITHMETIC,0.0001,0.0021
0.6000,0.7000,0.0800,0.3670,ARITHMETIC,0.0002,0.0021
0.6000,0.7000,0.0800,0.3707,ARITHMETIC,0.0003,0.0021
0.6000,0.7000,0.0800,0.3215,ARITHMETIC,0.0001,0.0020
0.6000,0.7000,0.0800,0.2440,ARITHMETIC,0.0000,0.0019
0.6000,0.7000,0.0800,0.2805,ARITHMETIC,0.0000,0.0019
0.6000,0.7000,0.0800,0.3914,ARITHMETIC,0.0004,0.0022
0.6000,0.7000,0.0800,0.1694,ARITHMETIC,0.0000,0.0018
0.6000,0.7000,0.0800,0.1413,ARITHMETIC,0.0000,0.0018
0.6000,0.7000,0.0800,0.4996,ARITHMETIC,0.0023,0.0027
0.6000,0.7000,0.0800,0.3914,ARITHMETIC,0.0003,0.0022
0.6000,0.7000,0.0800,0.4856,ARITHMETIC,0.0015,0.0026
0.6000,0.7000,0.0800,0.2337,ARITHMETIC,0.0000,0.0019
0.6000,0.7000,0.0800,0.3379,ARITHMETIC,0.0001,0.0021
0.6000,0.7000,0.0800,0.3522,ARITHMETIC,0.0002,0.0021
0.6000,0.7000,0.0800,0.4973,ARITHMETIC,0.0021,0.0026
0.6000,0.7000,0.0800,0.4887,ARITHMETIC,0.0023,0.0026
0.6000,0.7000,0.0800,0.1801,ARITHMETIC,0.0000,0.0018
0.6000,0.7000,0.0800,0.5343,ARITHMETIC,0.0025,0.0029
0.6000,0.7000,0.0800,0.2361,ARITHMETIC,0.0000,0.0019
0.6000,0.7000,0.0800,0.3548,ARITHMETIC,0.0002,0.0021
0.6000,0.7000,0.0800,0.5466,ARITHMETIC,0.0033,0.0029
0.6000,0.7000,0.0800,0.2536,ARITHMETIC,0.0000,0.0019
0.6000,0.7000,0.0800,0.3709,ARITHMETIC,0.0002,0.0021
0.6000,0.7000,0.0800,0.5442,ARITHMETIC,0.0034,0.0029
0.6000,0.7000,0.0800,0.3646,ARITHMETIC,0.0002,0.0021
0.6000,0.7000,0.0800,0.3788,ARITHMETIC,0.0003,0.0022
0.6000,0.7000,0.0800,0.4441,ARITHMETIC,0.0009,0.0024
0.6000,0.7000,0.0800,0.4440,ARITHMETIC,0.0009,0.0024
0.6000,0.7000,0.0800,0.5240,ARITHMETIC,0.0029,0.0028
0.6000,0.7000,0.0800,0.3745,ARITHMETIC,0.0003,0.0022
0.6000,0.7000,0.0800,0.1755,ARITHMETIC,0.0000,0.0018
0.6000,0.7000,0.0800,0.0806,ARITHMETIC,0.0000,0.0017
0.6000,0.7000,0.0800,0.0899,ARITHMETIC,0.0000,0.0017
0.6000,0.7000,0.0800,0.5312,ARITHMETIC,0.0030,0.0028
0.6000,0.7000,0.0800,0.4617,ARITHMETIC,0.0016,0.0025
0.6000,0.7000,0.0800,0.3467,ARITHMETIC,0.0001,0.0021
0.6000,0.7000,0.0800,0.5000,ARITHMETIC,0.0022,0.0027
0.6000,0.7000,0.0800,0.4851,ARITHMETIC,0.0017,0.0026
0.6000,0.7000,0.0800,0.2298,ARITHMETIC,0.0000,0.0019
0.6000,0.7000,0.0800,0.4547,ARITHMETIC,0.0011,0.0024
0.6000,0.7000,0.0800,0.1495,ARITHMETIC,0.0000,0.0018
0.6000,0.7000,0.0800,0.5419,ARITHMETIC,0.0031,0.0029
0.6000,0.7000,0.0800,0.2081,ARITHMETIC,0.0000,0.0018
0.6000,0.7000,0.0800,0.1898,ARITHMETIC,0.0000,0.0018
0.6000,0.7000,0.0800,0.1412,ARITHMETIC,0.0000,0.0018
0.6000,0.7000,0.0800,0.3277,ARITHMETIC,0.0001,0.0020
0.6000,0.7000,0.0800,0.5007,ARITHMETIC,0.0022,0.0027
0.6000,0.7000,0.0800,0.3271,ARITHMETIC,0.0001,0.0020
0.6000,0.7000,0.0800,0.0695,ARITHMETIC,0.0000,0.0017
0.6000,0.7000,0.0800,0.0767,ARITHMETIC,0.0000,0.0017
0.6000,0.7000,0.0800,0.3091,ARITHMETIC,0.0000,0.0020
0.6000,0.7000,0.0800,0.4950,ARITHMETIC,0.0016,0.0026
0.6000,0.7000,0.0800,0.3417,ARITHMETIC,0.0001,0.0021
0.6000,0.7000,0.0800,0.4232,ARITHMETIC,0.0006,0.0023
0.6000,0.7000,0.0800,0.4684,ARITHMETIC,0.0014,0.0025
0.6000,0.7000,0.0800,0.1158,ARITHMETIC,0.0000,0.0017
0.6000,0.7000,0.0800,0.2645,ARITHMETIC,0.0000,0.0019
0.6000,0.7000,0.0800,0.0519,ARITHMETIC,0.0000,0.0017
0.6000,0.7000,0.0800,0.2594,ARITHMETIC,0.0000,0.0019
0.6000,0.7000,0.0800,0.4792,ARITHMETIC,0.0017,0.0026
0.6000,0.7000,0.0800,0.4437,ARITHMETIC,0.0009,0.0024
0.6000,0.7000,0.0800,0.2172,ARITHMETIC,0.0000,0.0018
0.6000,0.7000,0.0800,0.4064,ARITHMETIC,0.0005,0.0023
0.6000,0.7000,0.0800,0.4063,ARITHMETIC,0.0006,0.0023
0.6000,0.7000,0.0800,0.2957,ARITHMETIC,0.0000,0.0020
0.6000,0.7000,0.0800,0.1019,ARITHMETIC,0.0000,0.0017
0.6000,0.7000,0.0800,0.5131,ARITHMETIC,0.0021,0.0027
0.6000,0.7000,0.0800,0.3363,ARITHMETIC,0.0001,0.0021
0.6000,0.7000,0.0800,0.1392,ARITHMETIC,0.0000,0.0018
0.6000,0.7000,0.0800,0.3870,ARITHMETIC,0.0002,0.0022
0.6000,0.7000,0.0800,0.4355,ARITHMETIC,0.0007,0.0024
0.6000,0.7000,0.0800,0.1057,ARITHMETIC,0.0000,0.0017
0.6000,0.7000,0.0800,0.2625,ARITHMETIC,0.0000,0.0019
0.6000,0.7000,0.0800,0.5248,ARITHMETIC,0.0026,0.0028
0.6000,0.7000,0.0800,0.3437,ARITHMETIC,0.0001,0.0021
0.6000,0.7000,0.0800,0.4424,ARITHMETIC,0.0007,0.0024
0.6000,0.7000,0.0800,0.1257,ARITHMETIC,0.0000,0.0017
0.6000,0.7000,0.0800,0.1835,ARITHMETIC,0.0000,0.0018
0.6000,0.7000,0.0800,0.5316,ARITHMETIC,0.0025,0.0028
0.6000,0.7000,0.0800,0.0904,ARITHMETIC,0.0000,0.0017
0.6000,0.7000,0.0800,0.4971,ARITHMETIC,0.0017,0.0026
0.6000,0.7000,0.0800,0.0818,ARITHMETIC,0.0000,0.0017
0.6000,0.7000,0.0800,0.3472,ARITHMETIC,0.0001,0.0021
0.6000,0.7000,0.0800,0.0569,ARITHMETIC,0.0000,0.0017
0.6000,0.7000,0.0800,0.5012,ARITHMETIC,0.0021,0.0027
0.6000,0.7000,0.0800,0.3174,ARITHMETIC,0.0000,0.0020
0.6000,0.7000,0.0800,0.3187,ARITHMETIC,0.0001,0.0020
0.6000,0.7000,0.0800,0.2443,ARITHMETIC,0.0000,0.0019
0.6000,0.7000,0.0800,0.3986,ARITHMETIC,0.0002,0.0022
0.6000,0.7000,0.0800,0.3836,ARITHMETIC,0.0003,0.0022
0.6000,0.7000,0.0800,0.3508,ARITHMETIC,0.0002,0.0021
